figure_no,filename
1,output/figures/figure_001.png
2,output/figures/figure_002.png
3,output/figures/figure_003.png
4,output/figures/figure_004.png
5,output/figures/figure_005.png
6,output/figures/figure_006.png
7,output/figures/figure_007.png
8,output/figures/figure_008.png
9,output/figures/figure_009.png
10,output/figures/figure_010.png
11,output/figures/figure_011.png
12,output/figures/figure_012.png
13,output/figures/figure_013.png
14,output/figures/figure_014.png
15,output/figures/figure_015.png
16,output/figures/figure_016.png
17,output/figures/figure_017.png
18,output/figures/figure_018.png
19,output/figures/figure_019.png
20,output/figures/figure_020.png
21,output/figures/figure_021.png
22,output/figures/figure_022.png
23,output/figures/figure_023.png
24,output/figures/figure_024.png
25,output/figures/figure_025.png
26,output/figures/figure_026.png
27,output/figures/figure_027.png
28,output/figures/figure_028.png
29,output/figures/figure_029.png
30,output/figures/figure_030.png
31,output/figures/figure_031.png
32,output/figures/figure_032.png
33,output/figures/figure_033.png
